﻿{"cameraMode":{"drawMode":0,"name":"Shaded","section":"Shading Mode"},"sceneLighting":true,"audioPlay":false,"sceneViewState":{"showFog":true,"showMaterialUpdate":false,"showSkybox":true,"showFlares":true,"showImageEffects":true,"showParticleSystems":true},"in2DMode":false,"pivot":{"x":0.789059042930603,"y":9.765362739562989,"z":-15.892763137817383},"rotation":{"x":0.2554958164691925,"y":-0.10099142044782639,"z":0.026845058426260949,"w":0.9611462354660034},"size":6.741660118103027,"orthographic":false}